PaymentID;ProductName;TransactionDate
3423612;Black & Decker 16" 3.4 Amp Powered Handsaw With Storage Bag;2013-01-30T07:45:45
3423616;Bostitch 26 Gallon;2013-01-29T06:55:48
3423617;Edsal Heavy-duty Workbench;2013-01-03T01:05:04
3423618;Black & Decker 20-volt Matrix Drill;2013-01-08T12:00:38
3423620;Ad Tech Multi-temp Full Size 4" Glue Sticks;2013-01-01T01:53:24
3423626;Black & Decker 1/4 Sheet Finisher Sander;2013-01-03T06:21:25
3423637;Dremel Universal Drywall Jab Saw Blade;2013-01-12T08:50:13
3423648;Black And Decker 1/2" 7-amp Variable Speed Drill;2013-01-01T06:00:51
3423653;Imaginisce I-bond Mini Glue Sticks;2013-01-22T01:46:03
3423654;Black & Decker 16" 3.4 Amp Powered Handsaw With Storage Bag;2013-01-04T03:57:14
3423655;Bostitch 18v Lithium Drill/impact Combo Kit;2013-01-03T11:02:41
3423659;Bostitch Prozhoze;2013-01-29T12:11:31
3423661;Bostitch 26 Gallon;2013-01-08T11:32:19
3423665;All Purpose Stik Glue Sticks;2013-01-30T10:40:49
3423667;Black & Decker 6.0 Amp Accu-trak Saw With Smartselect;2013-01-10T10:27:31
3423670;Bostitch Air Tool Inline Lubricator;2013-01-12T08:15:33
3423675;Dremel Universal Drywall Jab Saw Blade;2013-01-19T11:26:47
3423679;Black And Decker 3/8" 5-amp Variable Speed Drill With Keyless Chuck;2013-01-23T08:49:25
3423680;Bostitch 18v Lithium Drill/impact Combo Kit;2013-01-19T05:03:09
3423691;Black & Decker Matrix Jig Saw Head Attachment;2013-01-09T08:42:59
3423692;Bostitch Prozhoze;2013-01-18T10:59:45
3423697;Black & Decker 6.5a .5" Vsr 2-speed Hammer Drill;2013-01-04T09:01:26
3423698;Rubbermaid Wall Washer Replacement Pads;2013-01-26T08:28:25
3423702;Bostitch 6.5 Amp 3/8" Drill;2013-01-25T12:28:12
3423712;Dremel Saw-max Tool Kit;2013-01-24T07:53:47
3423716;Skil 7-1/4" 150-tooth Steel Circular Saw Blade;2013-01-09T01:01:40
3423718;Hitachi 18-volt Lithium-ion Cordless Impact Driver;2013-01-22T10:43:03
3423725;I-bond Cordless Hot Glue Gun;2013-01-04T03:24:32
3423726;Skil 4v Max Lithium-ion Screwdriver;2013-01-24T12:58:04
3423729;Skil 7-1/4" 40-tooth Carbide Tipped Circular Saw Blade;2013-01-05T08:22:20
3423730;All Purpose Stik Glue Sticks;2013-01-21T08:48:37
3423735;Dremel Universal Carbide Flush Cut Blade;2013-01-17T09:54:04
3423740;Bostitch 29-piece Screwdriving Set;2013-01-17T09:09:14
3423742;Stanley Fatmax 7a Hammer Drill;2013-01-27T10:06:57
3423747;Powryte 3/8" Air Impact Wrench;2013-01-25T05:53:26
3423763;Dremel Multi-max Mm40 Tool Kit;2013-01-06T08:35:49
3423764;Ad-tech: High-temp Glue Sticks;2013-01-24T11:16:09
3423765;Dewalt Dcf610s2r Drills / Drivers ;2013-01-26T04:27:54
3423768;Great Neck 4.8v Cordless Screwdriver;2013-01-06T03:34:39
3423770;Black & Decker 20v Max Lithium Drill/driver;2013-01-27T08:54:04
3423773;Bostitch Low-profile Paper Tape Framing Nailer;2013-01-24T05:49:15
3423774;Dremel Universal Carbide Flush Cut Blade;2013-01-08T12:24:57
3423778;Black & Decker Smart Select Linefinder Orbital Jigsaw;2013-01-02T02:21:33
3423781;Dremel 8v Max Cordless Rotary Tool;2013-01-04T08:01:14
3423785;Black & Decker 6.0 Amp Accu-trak Saw With Smartselect;2013-01-09T01:20:44
3423786;Bostitch Industrial Air Tool Swivel Plug;2013-01-20T07:42:11
3423790;Black And Decker 1/2" 7-amp Variable Speed Drill;2013-01-02T08:57:03
3423799;Black & Decker 6.5a .5" Vsr 2-speed Hammer Drill;2013-01-03T12:02:41
3423803;Weller Welwes51 Analog Soldering Station With Power Unit;2013-01-17T02:41:16
3423811;Black & Decker 20v Max Lithium Drill/driver;2013-01-22T07:28:03
3423812;Black & Decker 16" 3.4 Amp Powered Handsaw With Storage Bag;2013-01-03T02:39:09
3423814;Bostitch 6 Gallon;2013-01-13T04:09:11
3423816;Dremel Universal Carbide Flush Cut Blade;2013-01-05T02:06:11
3423819;Ad Tech Designer Series Lo Temp Mini Glue Gun;2013-01-20T04:06:36
3423820;Bostitch 6.5 Amp 3/8" Drill;2013-01-25T12:28:11
3423821;Bostitch 100 Ft Air Compressor Hose Prozhoze;2013-01-27T02:38:46
3423836;Stanley Fatmax 7a Hammer Drill;2013-01-24T10:38:33
3423839;Ad-tech: High-temp Glue Sticks;2013-01-24T04:57:06
3423842;Black & Decker 58-piece Project Kit With 12v Lithium Drill/driver;2013-01-26T09:09:10
3423843;Black & Decker Smart Select Linefinder Orbital Jigsaw;2013-01-01T01:16:41
3423858;Black & Decker Matrix Jig Saw Head Attachment;2013-01-14T08:34:27
3423859;Rotozip Ss355-10 Rotosaw;2013-01-12T01:02:21
3423860;Black & Decker Matrix Trim Saw Head Attachment;2013-01-30T10:27:48
3423863;Skil 4v Max Lithium-ion Screwdriver;2013-01-03T12:14:47
3423873;Bostitch 3/8" Air Ratchet;2013-01-03T10:16:00
3423880;Edsal Heavy-duty Workbench;2013-01-02T10:11:01
3423882;Metabo W8-115qwc Compact Class Professional Series Angle Grinder;2013-01-06T10:36:34
3423883;Bostitch 2.5 Gallon;2013-01-23T08:06:58
3423884;Bostitch 37-piece Quick Load Screwdriving Set;2013-01-16T07:20:43
3423886;Great Neck 4.8v Cordless Screwdriver;2013-01-21T01:50:59
3423887;Skil 7-1/4" 40-tooth Carbide Tipped Circular Saw Blade;2013-01-27T10:38:39
3423890;Black & Decker Smart Select Linefinder Orbital Jigsaw;2013-01-08T11:39:34
3423899;Black & Decker 5.2a 3.25" Planer Kit;2013-01-26T06:01:22
3423907;Black & Decker 18v Cordless Drill Set;2013-01-06T12:12:17
3423909;Black & Decker 56-piece Project Kit With 7.2v Lithium Drill/driver;2013-01-12T10:04:06
3423911;Black & Decker Random Orbit Sander;2013-01-25T03:35:02
3423916;Bostitch 1-1/2 Air Pressure Gauge;2013-01-12T10:39:57
3423918;Black And Decker Platinum 20v Drill/driver With 2 Batteries;2013-01-19T07:42:11
3423919;Bostitch 18v Lithium Drill/impact Combo Kit;2013-01-05T05:35:12
3423923;Black And Decker 3/8" 5-amp Variable Speed Drill With Keyless Chuck;2013-01-30T11:20:03
3423938;Bostitch Prozhoze;2013-01-22T01:49:46
3423942;Dremel Saw-max Tool Kit;2013-01-25T08:03:02
3423945;Black & Decker 6.0 Amp Accu-trak Saw With Smartselect;2013-01-12T02:47:49
3423950;I-bond Cordless Hot Glue Gun;2013-01-21T03:09:49
3423953;Powryte Dual Action Air Sander;2013-01-27T04:55:31
3423954;Dremel Universal Drywall Jab Saw Blade;2013-01-16T06:32:40
3423955;Ad Tech Multi-temp Full Size 4" Glue Sticks;2013-01-06T03:30:43
3423956;Bostitch Air Tool Inline Lubricator;2013-01-06T02:39:00
3423958;Ad Tech Multi-temp Full Size 4" Glue Sticks;2013-01-05T05:50:40
3423959;Black & Decker 5.2 Amp 3/8" Drill And Driver With Storage Bag;2013-01-09T04:51:55
3423960;Dremel 160-piece Accessory Kit;2013-01-18T07:16:25
3423966;Skil 4v Max Lithium-ion Screwdriver;2013-01-16T02:59:06
3423972;Black & Decker Random Orbit Sander;2013-01-27T02:55:14
3423974;Bostitch .5" Vsr 2-speed Hammerdrill/drill;2013-01-30T09:36:29
3423976;Dremel 8300-01 12v Cordless Multi-max Oscillating Kit;2013-01-10T10:19:29
3423977;Bostitch 18v Lithium .25" Hex Chuck Impact Driver Kit;2013-01-27T03:50:16
3423984;Fpc Glue Sticks;2013-01-09T12:44:13
3423985;Ad Tech Designer Series Lo Temp Mini Glue Gun;2013-01-25T05:46:04
3423988;Got Air Heavy Duty Portable Air Compressor;2013-01-18T12:41:29
3423993;Black & Decker 6.0 Amp Accu-trak Saw With Smartselect;2013-01-09T09:06:01
3423995;Bostitch Industrial Air Tool Swivel Plug;2013-01-29T02:28:26
3424001;Dremel Multi-max Mm40 Tool Kit;2013-01-01T07:37:11
3424003;Bostitch 18v Lithium Drill/impact Combo Kit;2013-01-22T10:27:33
3424006;Edsal Heavy-duty Steel Workbench;2013-01-07T09:28:30
3424010;Black & Decker Matrix Jig Saw Head Attachment;2013-01-17T11:42:31
3424015;Dremel 8300-01 12v Cordless Multi-max Oscillating Kit;2013-01-10T02:13:08
3424019;Bostitch 37-piece Quick Load Screwdriving Set;2013-01-22T06:22:04
3424024;Dual-temp Mini Glue Gun Kit;2013-01-16T07:08:15
3424026;Dual-temp Mini Glue Gun Kit;2013-01-27T05:56:40
3424032;Black And Decker Pivot Screwdriver;2013-01-25T10:55:30
3424039;Worx Semi Automatic Sd Driver;2013-01-18T10:52:41
3424050;Bostitch 18v Lithium 1/2" Drill/driver Kit;2013-01-14T05:38:30
3424067;Black And Decker Pivot Screwdriver;2013-01-14T05:00:57
3424068;Black & Decker Lithium Saw;2013-01-13T04:56:08
3424071;Ad Tech Multi-temp Standard 10" Glue Sticks;2013-01-23T01:08:29
3424076;Powryte Air Reciprocating Saw;2013-01-20T11:20:02
3424086;Black & Decker 20v Max Lithium Drill/driver;2013-01-13T02:14:06
3424090;Black & Decker 3-speed Rtx Rotary Tool With Bonus Spring Clamps;2013-01-08T09:07:28
3424091;Black & Decker 58-piece Project Kit With 12v Lithium Drill/driver;2013-01-19T06:25:30
3424095;Bostitch Industrial Air Tool Swivel Plug;2013-01-26T07:03:55
3424104;Rubbermaid Wall Washer Replacement Pads;2013-01-28T11:04:51
3424108;Fpc Glue Sticks;2013-01-01T01:28:00
3424112;Bostitch Air Compressor Blowgun;2013-01-20T11:31:44
3424114;Black & Decker 5.2a 3.25" Planer Kit;2013-01-01T10:03:49
3424115;Black & Decker Matrix Sanding Head Attachment;2013-01-14T08:35:20
3424116;Black And Decker 3/8" 5-amp Variable Speed Drill With Keyless Chuck;2013-01-07T12:23:50
3424118;Black & Decker 3-speed Rtx Rotary Tool With Bonus Spring Clamps;2013-01-04T09:27:59
3424123;Bostitch Industrial Air Tool Swivel Plug;2013-01-13T04:42:08
3424125;Black & Decker 1/4 Sheet Finisher Sander;2013-01-13T07:58:15
3424126;All Purpose Stik Glue Sticks;2013-01-23T05:06:33
3424132;Bostitch 6.5 Amp 3/8" Drill;2013-01-06T09:27:15
3424135;Black And Decker 3/8" 5-amp Variable Speed Drill With Keyless Chuck;2013-01-19T10:11:31
3424142;Rotozip Ss355-10 Rotosaw;2013-01-26T03:32:22
3424143;Black & Decker 1/4 Sheet Finisher Sander;2013-01-04T04:56:11
3424144;Skil 4-position Orbital Jigsaw With Laser Guide;2013-01-15T10:37:32
3424151;Dremel Multi-max Mm40 Tool Kit;2013-01-20T10:32:27
3424152;Black & Decker 1/4 Sheet Finisher Sander;2013-01-16T11:10:18
3424158;Black & Decker Smart Select Linefinder Orbital Jigsaw;2013-01-12T09:31:30
3424165;Bostitch 2.5 Gallon;2013-01-10T10:24:12
3424167;Metabo W8-115qwc Compact Class Professional Series Angle Grinder;2013-01-30T10:26:40
3424170;Bostitch 2.5 Gallon;2013-01-20T08:23:38
3424175;Black & Decker 58-piece Project Kit With 12v Lithium Drill/driver;2013-01-05T04:39:08
3424176;Worx Semi Automatic Sd Driver;2013-01-02T06:36:40
3424177;Worx Semi Automatic Sd Driver;2013-01-12T06:11:50
3424179;Dremel Universal Carbide Flush Cut Blade;2013-01-07T06:23:06
3424184;Dual-temp Ultra Glue Gun;2013-01-15T12:14:54
3424199;Irwin 30-piece Drive Set;2013-01-14T11:17:01
3424204;Bostitch Gravity Feed Spray Air Gun;2013-01-07T10:52:50
3424207;Black & Decker Matrix Trim Saw Head Attachment;2013-01-20T06:57:13
3424211;Swisher 28 Ton 8.75 Gross Torque Log Splitter;2013-01-19T12:35:50
3424214;Ad-tech: High-temp Glue Sticks;2013-01-26T12:41:23
3424217;Skil 4v Max Lithium-ion Screwdriver;2013-01-29T05:44:59
3424221;Chicago Power Tools Power Drill Accessory Set;2013-01-11T09:17:12
3424222;Skil 4v Max Lithium-ion Screwdriver;2013-01-14T01:58:14
3424225;Black & Decker 5.2a 3.25" Planer Kit;2013-01-09T08:30:24
3424229;Dual-temp Ultra Glue Gun;2013-01-15T06:01:14
3424234;Got Air Heavy Duty Portable Air Compressor;2013-01-21T01:59:11
3424238;Dewalt Dwt-dck212s2 12v Max Drill;2013-01-14T01:41:16
3424244;Black & Decker Matrix Sanding Head Attachment;2013-01-05T12:39:01
3424245;Black & Decker 56-piece Project Kit With 7.2v Lithium Drill/driver;2013-01-22T01:58:07
3424247;Black & Decker Matrix Trim Saw Head Attachment;2013-01-13T06:59:08
3424248;Skil 360 Quick-select 4v Max 1.5ah Lithium-ion Screwdriver;2013-01-30T09:35:03
3424249;Dewalt Dcf610s2r Drills / Drivers ;2013-01-21T01:05:12
3424256;Irwin 30-piece Drive Set;2013-01-20T03:47:34
3424258;Hitachi 18-volt Lithium-ion Cordless Impact Driver;2013-01-13T09:20:06
3424260;Bostitch 29-piece Screwdriving Set;2013-01-25T09:13:16
3424261;Bostitch Air Tool Inline Lubricator;2013-01-01T02:29:51
3424268;Black And Decker 3.6 Volt Lithium Ion Screwdriver;2013-01-07T08:18:29
3424269;Powryte 3/8" Air Impact Wrench;2013-01-15T09:50:05
3424270;Black & Decker 7-1/4" 15-amp Circular Saw;2013-01-07T09:59:54
3424273;Black & Decker Random Orbit Sander;2013-01-01T09:15:36
3424276;Skil 120v 1-3/4 Hp Fixed Base Router;2013-01-10T08:56:42
3424278;Black & Decker Matrix Jig Saw Head Attachment;2013-01-06T07:56:54
3424284;Black & Decker Lithium Saw;2013-01-30T07:44:18
3424289;Stanley Fatmax 7a Hammer Drill;2013-01-01T10:18:07
3424291;Ad-tech: High-temp Glue Sticks;2013-01-02T03:25:12
3424292;Bostitch Low-profile Paper Tape Framing Nailer;2013-01-11T10:48:17
3424293;Lincoln Industrial Grease Gun Cordless With Case;2013-01-28T07:13:07
3424296;Black & Decker 2.4v Direct Plug Screwdriver;2013-01-12T05:16:44
3424298;Dremel 160-piece Accessory Kit;2013-01-15T10:56:10
3424308;Speare Tools Adjustable Quick-cutter Hole Saw;2013-01-22T10:36:41
3424310;Rotozip Ss355-10 Rotosaw;2013-01-16T06:40:54
3424311;Bostitch Gravity Feed Spray Air Gun;2013-01-10T01:18:54
3424315;Bostitch 100 Ft Air Compressor Hose Prozhoze;2013-01-02T11:39:34
3424318;Great Neck 4.8v Cordless Screwdriver;2013-01-27T04:06:49
3424325;Bostitch Prozhoze;2013-01-08T12:34:01
3424331;Skil 4-position Orbital Jigsaw With Laser Guide;2013-01-05T01:48:27
3424333;Ad Tech Multi-temp Standard 10" Glue Sticks;2013-01-08T12:23:30
3424334;Bostitch Low-profile Paper Tape Framing Nailer;2013-01-13T07:21:47
3424335;Bostitch 6 Gallon;2013-01-27T12:26:41
3424338;Bostitch Air Tool Inline Lubricator;2013-01-28T06:06:54
3424341;Edsal Heavy-duty Steel Workbench;2013-01-28T05:28:19
3424343;Edsal Heavy-duty Steel Workbench;2013-01-21T09:30:09
3424344;Black & Decker 6.0 Amp Accu-trak Saw With Smartselect;2013-01-29T07:33:17
3424346;Powryte 3/8" Air Impact Wrench;2013-01-07T04:18:01
3424348;Black & Decker 20-volt Matrix Drill;2013-01-30T03:11:06
3424349;Hitachi 18-volt Lithium-ion Cordless Impact Driver;2013-01-20T04:11:11
3424351;Black And Decker Pivot Screwdriver;2013-01-14T02:23:54
3424352;Speare Tools Adjustable Quick-cutter Hole Saw;2013-01-26T07:19:18
3424355;Metabo W8-115qwc Compact Class Professional Series Angle Grinder;2013-01-24T09:00:15
3424357;Stanley Fatmax 7a Hammer Drill;2013-01-05T07:29:22
3424361;Black & Decker 16v Max Lithium Cordless Driver/drill With Exposed Gear Box;2013-01-26T02:42:58
3424371;Fpc Glue Sticks;2013-01-12T06:56:54
3424372;Black And Decker Pivot Screwdriver;2013-01-05T10:19:52
3424376;Skil 120v 1-3/4 Hp Fixed Base Router;2013-01-30T05:39:24
3424392;Dremel Multi-vise;2013-01-11T05:58:47
3424401;Black & Decker Lithium Saw;2013-01-07T08:00:26
3424403;Bostitch 6 Gallon;2013-01-14T07:16:37
3424405;Powryte Dual Action Air Sander;2013-01-03T04:23:05
3424407;Skil 4v Max Lithium-ion Screwdriver;2013-01-19T05:57:48
3424410;Bostitch 2.5 Gallon;2013-01-05T01:16:06
3424423;Dremel 160-piece Accessory Kit;2013-01-27T04:06:01
3424424;Bostitch 37-piece Quick Load Screwdriving Set;2013-01-24T05:55:12
3424425;Bostitch .5" Vsr 2-speed Hammerdrill/drill;2013-01-26T08:24:25
3424426;Black & Decker 3-speed Rtx Rotary Tool With Bonus Spring Clamps;2013-01-18T05:59:54
3424430;Skil 7-1/4" 40-tooth Carbide Tipped Circular Saw Blade;2013-01-28T08:38:50
3424431;Bostitch Industrial Air Tool Swivel Plug;2013-01-07T03:53:00
3424433;Dual-temp Mini Glue Gun Kit;2013-01-10T09:24:06
3424434;Black & Decker 16" 3.4 Amp Powered Handsaw With Storage Bag;2013-01-03T06:41:01
3424436;Bostitch 1-1/2 Air Pressure Gauge;2013-01-12T12:04:01
3424438;Dual-temp Ultra Glue Gun;2013-01-17T07:42:33
3424442;Dewalt Dcf610s2r Drills / Drivers ;2013-01-22T11:23:50
3424443;Edsal Heavy-duty Steel Workbench;2013-01-07T12:29:19
3424446;Dremel Universal Carbide Flush Cut Blade;2013-01-11T10:12:55
3424451;Black And Decker 1/2" 7-amp Variable Speed Drill;2013-01-13T07:16:51
3424452;Bostitch 37-piece Quick Load Screwdriving Set;2013-01-14T01:42:00
3424453;All Purpose Stik Glue Sticks;2013-01-25T07:32:45
3424454;Black & Decker 7-1/4" 15-amp Circular Saw;2013-01-30T01:32:20
3424457;Bostitch Gravity Feed Spray Air Gun;2013-01-30T03:00:32
3424459;Bostitch 37-piece Quick Load Screwdriving Set;2013-01-04T06:52:17
3424460;Stanley Fatmax 7a Hammer Drill;2013-01-19T05:18:02
3424466;Bostitch Air Compressor Blowgun;2013-01-10T12:52:21
3424467;Dremel 8300-01 12v Cordless Multi-max Oscillating Kit;2013-01-30T06:04:50
3424469;Bostitch 6 Gallon;2013-01-10T10:34:38
3424470;Black And Decker Platinum 20v Drill/driver With 2 Batteries;2013-01-21T02:48:05
3424477;I-bond Cordless Hot Glue Gun;2013-01-10T05:26:35
3424487;Edsal Heavy-duty Steel Workbench;2013-01-27T09:32:54
3424489;Cadet 66" Work Surface;2013-01-11T08:03:50
3424490;Bostitch Prozhoze;2013-01-04T11:22:06
3424492;Imaginisce I-bond Mini Glue Sticks;2013-01-23T05:50:27
3424494;Got Air Heavy Duty Portable Air Compressor;2013-01-05T12:42:24
3424495;Ad Tech Multi-temp Full Size 4" Glue Sticks;2013-01-01T08:03:48
3424499;Dremel 7-piece Saw-max Cutting Kit;2013-01-25T12:26:26
3424509;Irwin 30-piece Drive Set;2013-01-07T08:07:53
3424512;Edsal Heavy-duty Workbench;2013-01-07T08:45:16
3424516;Rubbermaid Wall Washer Replacement Pads;2013-01-15T02:02:55
3424517;Bostitch Air Tool Inline Lubricator;2013-01-21T01:30:21
3424525;Bostitch Industrial Air Tool Swivel Plug;2013-01-12T04:57:02
3424529;Bostitch Prozhoze;2013-01-20T10:48:11
3424532;Imaginisce I-bond Mini Glue Sticks;2013-01-17T02:42:35
3424537;Skil 4-position Orbital Jigsaw With Laser Guide;2013-01-10T05:48:44
3424538;Dremel 160-piece Accessory Kit;2013-01-02T04:49:38
3424542;Edsal Heavy-duty Workbench;2013-01-20T09:29:35
3424546;Black And Decker Platinum 20v Drill/driver With 2 Batteries;2013-01-06T01:44:55
3424551;Lincoln Lubrication Ac2440 120-volt Corded Grease Gun;2013-01-05T04:08:53
3424554;Rotozip Ss355-10 Rotosaw;2013-01-19T04:22:38
3424556;Irwin 7-piece Drive Set;2013-01-26T11:01:37
3424557;Dremel 8v Max Cordless Rotary Tool;2013-01-18T04:18:01
3424558;Worx Semi Automatic Sd Driver;2013-01-23T03:56:35
3424559;Black & Decker Random Orbit Sander;2013-01-17T04:57:23
3424562;Dremel Universal Carbide Flush Cut Blade;2013-01-28T09:53:00
3424565;Hitachi 18-volt Lithium-ion Cordless Impact Driver;2013-01-15T09:02:53
3424567;Bostitch 7 Amp 4.5" Angle Grinder;2013-01-26T09:36:53
3424578;Skil 4-position Orbital Jigsaw With Laser Guide;2013-01-16T08:07:34
3424580;Skil 360 Quick-select 4v Max 1.5ah Lithium-ion Screwdriver;2013-01-07T05:52:32
3424581;Bostitch Prozhoze;2013-01-05T05:16:06
3424582;Lincoln Lubrication Ac2440 120-volt Corded Grease Gun;2013-01-01T08:38:56
3424588;Black & Decker 20v Max Lithium Drill/driver;2013-01-01T05:19:53
3424592;Dewalt Dcf610s2r Drills / Drivers ;2013-01-25T03:03:06
3424593;All Purpose Stik Glue Sticks;2013-01-06T01:24:06
3424601;Dewalt Dwt-dck212s2 12v Max Drill;2013-01-19T05:47:31
