Name;Username;Email;DateOfBirth;StreetAddress;City;Country;Zip;State;Phone;Price
"Ayers Allyson";"allysoayer3189";"All.AYERS7823@mail2web.com";"1952-09-14";"9463 Walton";"St. Petersburg";"United States";"33779";"FL";"(671) 796-4394";"995.68"
"Hodge Joyce";"joycho5349";"Joyce.HOD2712@yahoo.com";"1953-12-22";"1863 Taft";"Honolulu";"United States";"96036";"HI";"(907) 862-9343";"995.68"
"Cooper Benton";"bentocoop5251";"Ben.COOP6381@live.com";"1964-10-24";"9445 Gilbert";"San Bernardino";"United States";"92335";"CA";"(727) 111-3556";"995.68"
"Valdez Elaine";"elainevalde2792";"Ela.VALDEZ4800@hushmail.com";"1961-08-29";"9908 95th";"Mesa";"United States";"85138";"AZ";"(947) 371-5657";"995.68"
"Snyder Landry";"lansnyder7268";"Land.SNYDE5975@mail2web.com";"1984-01-16";"9195 Kennedy Ontario St Nb";"Omaha";"United States";"68391 ";"NE";"(682) 971-8849";"993.33"
"Cantrell Ryder";"rycantre1685";"Ryde.CANTRELL4992@gmail.com";"1992-01-18";"6542 Columbus Sub";"Irving";"United States";"75044";"TX";"(862) 892-4504";"986.24"
"Holman Luis";"luihol1139";"Lui.HOLMAN8827@mail2web.com";"1950-06-04";"5556 Edbrooke";"Memphis";"United States";"38745";"TN";"(248) 359-4659";"984.09"
"Mills Kaliyah";"kaliyahmi9642";"Kaliy.MILLS1297@live.com";"1998-03-19";"2162 Commercial";"Fremont";"United States";"94592";"CA";"(661) 635-4313";"978.29"
"Carpenter Bryan";"bryancarpe3930";"Br.CARP3419@gmail.com";"1956-03-30";"7127 Ohio Feeder";"Atlanta";"United States";"30131";"GA";"(847) 220-7480";"977.44"
"Spencer Tate";"tatespencer8110";"Tate.SPE5941@hushmail.com";"1958-06-02";"5513 Ottawa";"Peoria";"United States";"61501";"IL";"(907) 753-1063";"977.44"
"Goodwin Valentin";"valentgoodwi1541";"Valen.GOOD2692@gmail.com";"1963-05-16";"5103 Lexington";"Baltimore";"United States";"21169";"MD";"(641) 218-3865";"977.44"
"Hill Gwendolyn";"gwendolhill5573";"Gwen.HIL4950@gmail.com";"1996-07-28";"3821 Edens";"Birmingham";"United States";"35034";"AL";"(530) 884-3519";"976.95"
"Holden Kaelyn";"kaehol2424";"Kae.HOLD6214@live.com";"1966-11-25";"4804 Urban";"New Haven";"United States";"06534";"CT";"(857) 258-3531";"976.6"
"Winters Carla";"carwinter2147";"Ca.WINT1634@gmail.com";"1958-01-02";"2164 Bellevue";"Topeka";"United States";"66663";"KS";"(402) 498-2212";"975.67"
"Bernard Bentley";"bentleybernard2004";"Ben.BERN4285@live.com";"1986-05-23";"870 Higgins";"Yonkers";"United States";"10772";"NY";"(843) 231-6197";"975.67"
"Stafford Tamia";"tamistaffo8319";"Tami.STAFF9374@gmail.com";"1967-05-10";"4262 Eisenhower California Av";"Chicago";"United States";"60830";"IL";"(615) 595-6777";"958.28"
"Holcomb Quinn";"quiholc2506";"Quinn.HOL8195@yahoo.com";"1962-11-12";"2875 Anchor";"Alexandria";"United States";"22256";"VA";"(510) 697-6019";"958.28"
"Cobb Delaney";"delacob6082";"Delan.CO6742@mail2web.com";"1952-04-01";"2611 Kennedy Kostner Av";"Sacramento";"United States";"95003";"CA";"(475) 135-0915";"953.64"
"Gates Josephine";"josephigate8009";"Josephin.GATE4003@live.com";"1958-11-10";"974 Canal";"Chesapeake";"United States";"23384";"VA";"(458) 642-0834";"953.64"
"Walls Gage";"gawal6112";"Gage.WAL8499@yahoo.com";"1976-11-14";"8701 Mackinaw";"Gainesville";"United States";"32639";"FL";"(229) 132-7535";"946.75"
