CompanyName;Price
"General Growth Properties";"1479.7"
"Regis Corporation";"1473.74"
"Regis Corporation";"1473.74"
"Supermedia";"1252.29"
"Covanta Holding Corporation";"1181.89"
"Charming Shoppes";"997.68"
"Amerisourcebergen";"995.68"
"Amerisourcebergen";"995.68"
"Amerisourcebergen";"995.68"
"Amerisourcebergen";"995.68"
"Amerisourcebergen";"995.68"
"Gm Financial";"993.81"
"Gm Financial";"993.81"
"Staples Financial";"993.33"
"Staples Financial";"993.33"
"Ross Stores";"992.27"
"Ross Stores";"992.27"
"Ross Stores";"992.27"
"Ross Stores";"992.27"
"Ross Stores";"992.27"
