9000179431;115.0;Belgium -> BeLux -> North
9000149200;115.0;Belgium -> BeLux -> North
9000013450;241.5;Romania -> Eastern Europe -> East
9000144073;57.5;Belgium -> BeLux -> North
9000212929;161.0;Germany -> Central Europe -> East
9000208496;322.0;Netherlands -> Netherlands -> North
9000007290;517.5;France -> France International -> West
9000024191;517.5;France -> France International -> West
9000117219;161.0;Germany -> Central Europe -> East
9000079518;172.5;Portugal -> Teleroute Iberica -> South
9000038991;57.5;France -> France International -> West
9000032881;57.5;Poland -> Eastern Europe -> East
9000085659;57.5;Belgium -> BeLux -> North
9000000623;57.5;Spain -> Teleroute Iberica -> South
9000143691;161.0;Germany -> Central Europe -> East
9000181942;517.5;France -> France International -> West
9000069597;161.0;Germany -> Central Europe -> East
9000155655;322.0;Netherlands -> Netherlands -> North
9000095609;57.5;Italy -> South East Europe -> South
9000103597;161.0;Germany -> Central Europe -> East
9000159717;57.5;Bulgaria -> Eastern Europe -> East
9000114793;57.5;Germany -> Central Europe -> East
9000127427;161.0;Germany -> Central Europe -> East
9000199587;57.5;Poland -> Eastern Europe -> East
9000127629;115.0;Belgium -> BeLux -> North
9000164760;57.5;Spain -> Teleroute Iberica -> South
9000115112;57.5;Germany -> Central Europe -> East
9000160216;345.0;Italy -> South East Europe -> South
9000182648;241.5;Poland -> Eastern Europe -> East
9000104412;517.5;France -> France International -> West
9000122374;345.0;Ireland -> Great Britain -> North
9000007922;57.5;Netherlands -> Netherlands -> North
9000138589;57.5;Germany -> Central Europe -> East
9000012028;161.0;Germany -> Central Europe -> East
9000173584;161.0;Germany -> Central Europe -> East
9000178783;57.5;Spain -> Teleroute Iberica -> South
9000003449;172.5;Italy -> South East Europe -> South
9000034872;57.5;Spain -> Teleroute Iberica -> South
9000078307;57.5;Netherlands -> Netherlands -> North
9000112572;57.5;France -> France International -> West
9000014864;241.5;Czech Republic -> Eastern Europe -> East
9000145215;57.5;France -> France International -> West
9000097495;161.0;Germany -> Central Europe -> East
9000212350;322.0;Netherlands -> Netherlands -> North
9000096196;517.5;France -> France International -> West
9000126367;57.5;United Kingdom -> Great Britain -> North
9000198739;57.5;France -> France International -> West
9000149999;57.5;Romania -> Eastern Europe -> East
9000213362;161.0;Austria -> Central Europe -> East
9000077134;172.5;Portugal -> Teleroute Iberica -> South
9000105339;161.0;Germany -> Central Europe -> East
9000098490;57.5;Netherlands -> Netherlands -> North
9000123535;345.0;France -> France International -> West
9000156069;115.0;Belgium -> BeLux -> North
9000176986;172.5;Spain -> Teleroute Iberica -> South
9000013596;57.5;Spain -> Teleroute Iberica -> South
9000019913;0.0;France -> France International -> West
9000169019;57.5;Spain -> Teleroute Iberica -> South
9000000597;345.0;Italy -> South East Europe -> South
9000071182;517.5;France -> France International -> West
9000021128;57.5;Spain -> Teleroute Iberica -> South
9000087978;345.0;Italy -> South East Europe -> South
9000031147;57.5;Bulgaria -> Eastern Europe -> East
9000197595;161.0;Austria -> Central Europe -> East
9000120410;161.0;Germany -> Central Europe -> East
9000048414;57.5;Netherlands -> Netherlands -> North
9000095096;57.5;Poland -> Eastern Europe -> East
9000134397;57.5;Spain -> Teleroute Iberica -> South
9000106850;345.0;France -> France International -> West
9000130939;345.0;France -> France International -> West
9000125840;161.0;Germany -> Central Europe -> East
9000099670;161.0;Germany -> Central Europe -> East
9000062285;345.0;France -> France International -> West
9000210979;345.0;France -> France International -> West
9000113201;57.5;Germany -> Central Europe -> East
9000119537;161.0;Germany -> Central Europe -> East
9000032167;161.0;Germany -> Central Europe -> East
9000107582;161.0;Germany -> Central Europe -> East
9000096570;241.5;Slovakia -> Eastern Europe -> East
9000196486;161.0;Germany -> Central Europe -> East
9000161370;57.5;France -> France International -> West
9000174037;57.5;Austria -> Central Europe -> East
9000023951;57.5;Germany -> Central Europe -> East
9000178493;345.0;France -> France International -> West
9000195715;345.0;France -> France International -> West
9000016028;161.0;Germany -> Central Europe -> East
9000188728;345.0;France -> France International -> West
9000194232;517.5;France -> France International -> West
9000204349;345.0;France -> France International -> West
9000204526;517.5;France -> France International -> West
9000169767;345.0;France -> France International -> West
9000152327;517.5;France -> France International -> West
9000149138;517.5;France -> France International -> West
9000062658;345.0;France -> France International -> West
9000040865;517.5;France -> France International -> West
9000015385;517.5;France -> France International -> West
9000151383;241.5;Poland -> Eastern Europe -> East
9000216008;161.0;Germany -> Central Europe -> East
9000201675;345.0;France -> France International -> West
9000130842;172.5;Spain -> Teleroute Iberica -> South
9000199639;345.0;France -> France International -> West
9000010015;57.5;Poland -> Eastern Europe -> East
9000065120;241.5;Poland -> Eastern Europe -> East
9000205891;241.5;Poland -> Eastern Europe -> East
9000053214;57.5;Belgium -> BeLux -> North
9000015815;57.5;Belgium -> BeLux -> North
9000033701;57.5;Poland -> Eastern Europe -> East
9000171356;517.5;France -> France International -> West
9000182615;161.0;Germany -> Central Europe -> East
9000100392;322.0;Netherlands -> Netherlands -> North
9000090515;57.5;Germany -> Central Europe -> East
9000035982;57.5;Romania -> Eastern Europe -> East
9000111125;57.5;Italy -> South East Europe -> South
9000141735;57.5;Bulgaria -> Eastern Europe -> East
9000102095;57.5;Spain -> Teleroute Iberica -> South
9000083583;345.0;France -> France International -> West
9000045861;345.0;United Kingdom -> Great Britain -> North
9000205615;161.0;Germany -> Central Europe -> East
9000028084;57.5;Austria -> Central Europe -> East
9000165316;172.5;Italy -> South East Europe -> South
9000180003;161.0;Germany -> Central Europe -> East
9000091709;57.5;Romania -> Eastern Europe -> East
9000110811;345.0;France -> France International -> West
9000085325;57.5;Germany -> Central Europe -> East
9000178092;57.5;Belgium -> BeLux -> North
9000202903;241.5;Poland -> Eastern Europe -> East
9000075808;172.5;Spain -> Teleroute Iberica -> South
9000005483;57.5;Poland -> Eastern Europe -> East
9000078174;161.0;Austria -> Central Europe -> East
9000031530;345.0;France -> France International -> West
9000136012;57.5;Bulgaria -> Eastern Europe -> East
9000172682;161.0;Germany -> Central Europe -> East
9000197780;517.5;France -> France International -> West
9000171797;57.5;Belgium -> BeLux -> North
9000195308;161.0;Germany -> Central Europe -> East
9000124454;57.5;Romania -> Eastern Europe -> East
9000057052;345.0;France -> France International -> West
9000156968;57.5;France -> France International -> West
9000111186;517.5;France -> France International -> West
9000161899;57.5;Belgium -> BeLux -> North
9000191997;161.0;Germany -> Central Europe -> East
9000078471;322.0;Netherlands -> Netherlands -> North
9000010688;345.0;France -> France International -> West
9000035019;345.0;France -> France International -> West
9000054380;161.0;Netherlands -> Netherlands -> North
9000110239;161.0;Germany -> Central Europe -> East
9000124322;57.5;Belgium -> BeLux -> North
9000167020;115.0;Belgium -> BeLux -> North
9000164380;517.5;France -> France International -> West
9000170788;172.5;Spain -> Teleroute Iberica -> South
9000114132;57.5;Germany -> Central Europe -> East
9000208193;161.0;Germany -> Central Europe -> East
9000197411;57.5;Italy -> South East Europe -> South
9000118888;172.5;Portugal -> Teleroute Iberica -> South
9000030185;57.5;Lithuania -> Eastern Europe -> East
9000051675;57.5;Netherlands -> Netherlands -> North
9000152970;57.5;Bulgaria -> Eastern Europe -> East
9000138346;241.5;Romania -> Eastern Europe -> East
9000001710;161.0;Germany -> Central Europe -> East
9000014636;241.5;Poland -> Eastern Europe -> East
9000202257;161.0;Netherlands -> Netherlands -> North
9000216706;57.5;Poland -> Eastern Europe -> East
9000182045;57.5;Poland -> Eastern Europe -> East
9000137758;161.0;Germany -> Central Europe -> East
9000214523;517.5;France -> France International -> West
9000086075;517.5;France -> France International -> West
9000155336;241.5;Poland -> Eastern Europe -> East
9000205908;345.0;France -> France International -> West
9000106699;322.0;Netherlands -> Netherlands -> North
9000020028;345.0;France -> France International -> West
9000168386;241.5;Romania -> Eastern Europe -> East
9000065513;517.5;France -> France International -> West
9000153563;345.0;Italy -> South East Europe -> South
9000110557;161.0;Germany -> Central Europe -> East
9000203950;161.0;Germany -> Central Europe -> East
9000052673;57.5;Netherlands -> Netherlands -> North
9000135844;172.5;Spain -> Teleroute Iberica -> South
9000009322;57.5;Netherlands -> Netherlands -> North
9000032297;57.5;Italy -> South East Europe -> South
9000135583;57.5;Belgium -> BeLux -> North
9000106349;241.5;Romania -> Eastern Europe -> East
9000091084;322.0;Netherlands -> Netherlands -> North
9000149259;517.5;France -> France International -> West
9000197464;345.0;Italy -> South East Europe -> South
9000156760;57.5;Poland -> Eastern Europe -> East
9000033958;345.0;United Kingdom -> Great Britain -> North
9000143355;161.0;Germany -> Central Europe -> East
9000177863;57.5;Spain -> Teleroute Iberica -> South
9000008956;161.0;Germany -> Central Europe -> East
9000203325;345.0;France -> France International -> West
9000137113;345.0;France -> France International -> West
9000142532;517.5;France -> France International -> West
9000114616;517.5;France -> France International -> West
9000155253;241.5;Poland -> Eastern Europe -> East
9000022994;345.0;Italy -> South East Europe -> South
9000198164;57.5;France -> France International -> West
9000181578;57.5;Netherlands -> Netherlands -> North
9000185324;322.0;Netherlands -> Netherlands -> North
9000095431;57.5;Poland -> Eastern Europe -> East
9000057195;57.5;Poland -> Eastern Europe -> East
9000144341;57.5;Poland -> Eastern Europe -> East
9000213952;161.0;Germany -> Central Europe -> East
9000094808;57.5;Belgium -> BeLux -> North
9000194165;57.5;Germany -> Central Europe -> East
9000117266;57.5;Poland -> Eastern Europe -> East
9000058052;161.0;Germany -> Central Europe -> East
9000067224;161.0;Germany -> Central Europe -> East
9000026424;161.0;Germany -> Central Europe -> East
9000018738;57.5;Netherlands -> Netherlands -> North
9000040677;57.5;Netherlands -> Netherlands -> North
9000075448;115.0;Belgium -> BeLux -> North
9000159727;57.5;Poland -> Eastern Europe -> East
9000009882;345.0;Belgium -> BeLux -> North
9000182994;345.0;France -> France International -> West
9000215574;57.5;Germany -> Central Europe -> East
9000188049;57.5;Belgium -> BeLux -> North
9000137318;161.0;Germany -> Central Europe -> East
9000086886;57.5;France -> France International -> West
9000072483;322.0;Netherlands -> Netherlands -> North
9000120221;241.5;Czech Republic -> Eastern Europe -> East
9000033153;57.5;Netherlands -> Netherlands -> North
9000209605;345.0;France -> France International -> West
9000213316;57.5;Spain -> Teleroute Iberica -> South
9000070172;161.0;Germany -> Central Europe -> East
9000190666;161.0;Germany -> Central Europe -> East
9000097694;345.0;France -> France International -> West
9000060614;241.5;Poland -> Eastern Europe -> East
9000169807;161.0;Germany -> Central Europe -> East
9000164168;161.0;Germany -> Central Europe -> East
9000029859;345.0;Germany -> Central Europe -> East
9000144839;57.5;France -> France International -> West
9000198619;172.5;Spain -> Teleroute Iberica -> South
9000087437;172.5;Spain -> Teleroute Iberica -> South
9000123198;161.0;Netherlands -> Netherlands -> North
9000176462;57.5;Spain -> Teleroute Iberica -> South
9000152416;57.5;Germany -> Central Europe -> East
9000044312;161.0;Germany -> Central Europe -> East
9000003280;345.0;France -> France International -> West
9000005148;57.5;Spain -> Teleroute Iberica -> South
9000067872;241.5;Poland -> Eastern Europe -> East
9000084220;57.5;Portugal -> Teleroute Iberica -> South
9000158948;345.0;Italy -> South East Europe -> South
9000002411;57.5;Italy -> South East Europe -> South
9000001779;57.5;Austria -> Central Europe -> East
9000088026;517.5;France -> France International -> West
9000145153;172.5;Spain -> Teleroute Iberica -> South
9000031015;57.5;Finland -> Nordics -> North
9000102991;172.5;Spain -> Teleroute Iberica -> South
9000156367;57.5;Poland -> Eastern Europe -> East
9000130143;57.5;Bulgaria -> Eastern Europe -> East
9000105363;161.0;Germany -> Central Europe -> East
9000081104;345.0;Italy -> South East Europe -> South
9000004532;345.0;Italy -> South East Europe -> South
9000136434;345.0;France -> France International -> West
9000067440;345.0;Italy -> South East Europe -> South
9000150975;161.0;Netherlands -> Netherlands -> North
9000036871;161.0;Germany -> Central Europe -> East
9000148377;57.5;Italy -> South East Europe -> South
9000169497;345.0;France -> France International -> West
9000142599;57.5;Germany -> Central Europe -> East
9000017991;241.5;Poland -> Eastern Europe -> East
9000149165;517.5;France -> France International -> West
9000059328;57.5;Belgium -> BeLux -> North
9000159008;345.0;France -> France International -> West
9000150675;241.5;Romania -> Eastern Europe -> East
9000077423;57.5;France -> France International -> West
9000097159;322.0;Netherlands -> Netherlands -> North
9000196630;57.5;Spain -> Teleroute Iberica -> South
9000198143;517.5;France -> France International -> West
9000048231;322.0;Netherlands -> Netherlands -> North
9000134547;161.0;Germany -> Central Europe -> East
9000081864;57.5;Germany -> Central Europe -> East
9000029497;57.5;Poland -> Eastern Europe -> East
9000112196;57.5;Germany -> Central Europe -> East
9000042271;241.5;Romania -> Eastern Europe -> East
9000136417;161.0;Germany -> Central Europe -> East
9000077761;57.5;Poland -> Eastern Europe -> East
9000082669;241.5;Lithuania -> Eastern Europe -> East
9000211400;57.5;Belgium -> BeLux -> North
9000036993;161.0;Germany -> Central Europe -> East
9000044360;57.5;Netherlands -> Netherlands -> North
9000098141;241.5;Romania -> Eastern Europe -> East
9000045066;57.5;Romania -> Eastern Europe -> East
9000190800;161.0;Austria -> Central Europe -> East
9000116169;2.89803731E12;Netherlands -> Netherlands -> North
9000074065;3.10502543E12;United Kingdom -> Great Britain -> North
9000003609;1.44900057E12;Austria -> Central Europe -> East
9000009815;5.17500568E11;Bulgaria -> Eastern Europe -> East
9000132628;1.44902141E12;Germany -> Central Europe -> East
9000055888;2.1735135E12;Czech Republic -> Eastern Europe -> East
9000078267;5.175045E11;Netherlands -> Netherlands -> North
9000171636;3.10505924E12;Italy -> South East Europe -> South
9000085172;3.10502936E12;Italy -> South East Europe -> South
9000077212;5.17504434E11;Poland -> Eastern Europe -> East
9000120382;2.1735291E12;Hungary -> Eastern Europe -> East
9000201470;5.17511578E11;Germany -> Central Europe -> East
9000182954;3.10506317E12;Ireland -> Great Britain -> North
9000008813;2.1735021E12;Hungary -> Eastern Europe -> East
9000138271;4.6575717E12;France -> France International -> West
9000080165;5.17504598E11;Romania -> Eastern Europe -> East
9000110274;1.44901774E12;Germany -> Central Europe -> East
9000216642;2.89806982E12;Netherlands -> Netherlands -> North
9000051457;3.10501782E12;France -> France International -> West
9000146565;5.17508432E11;Netherlands -> Netherlands -> North
9000201799;2.17354876E12;Slovakia -> Eastern Europe -> East
9000132230;3.10504561E12;France -> France International -> West
9000024363;1.44900397E12;Germany -> Central Europe -> East
9000058501;5.17503353E11;United Kingdom -> Great Britain -> North
9000134056;4.6575696E12;France -> France International -> West
9000011451;4.6575062E12;France -> France International -> West
9000203495;1.44903281E12;Germany -> Central Europe -> East
9000029381;5.17501682E11;United Kingdom -> Great Britain -> North
9000217326;2.17355243E12;Poland -> Eastern Europe -> East
9000041330;1.4490066E12;Germany -> Central Europe -> East
9000194483;5.17511184E11;Hungary -> Eastern Europe -> East
9000167229;1.44902691E12;Denmark -> Nordics -> North
9000214371;4.657611E12;France -> France International -> West
9000161503;3.10505583E12;Spain -> Teleroute Iberica -> South
9000196095;1.44903163E12;Germany -> Central Europe -> East
9000094445;3.1050325E12;France -> France International -> West
9000154428;5.17508891E11;Germany -> Central Europe -> East
9000073560;3.10502543E12;France -> France International -> West
9000105204;1.55251809E12;Italy -> South East Europe -> South
9000002357;4.6575014E12;France -> France International -> West
9000131194;57.5;Germany -> Central Europe -> East
9000197173;161.0;Netherlands -> Netherlands -> North
9000135189;345.0;France -> France International -> West
9000173113;172.5;Spain -> Teleroute Iberica -> South
9000042636;161.0;Germany -> Central Europe -> East
9000037156;517.5;France -> France International -> West
9000148395;57.5;Netherlands -> Netherlands -> North
9000096328;161.0;Germany -> Central Europe -> East
9000027976;241.5;Poland -> Eastern Europe -> East
9000027154;161.0;Germany -> Central Europe -> East
9000156219;161.0;Netherlands -> Netherlands -> North
9000172511;161.0;Germany -> Central Europe -> East
9000030498;1.44900489E12;Netherlands -> Netherlands -> North
9000083532;5.17504795E11;Netherlands -> Netherlands -> North
9000134232;5.17507711E11;Germany -> Central Europe -> East
9000175599;5.17510103E11;Netherlands -> Netherlands -> North
9000029315;3.10501022E12;France -> France International -> West
9000157894;5.17509087E11;Belgium -> BeLux -> North
9000157031;5.17509022E11;Turkey -> Eastern Europe -> East
9000160614;1.44902586E12;Austria -> Central Europe -> East
9000098672;1.4490159E12;Germany -> Central Europe -> East
9000139555;2.17353368E12;Hungary -> Eastern Europe -> East
9000173320;5.17509972E11;Romania -> Eastern Europe -> East
9000085213;5.17504893E11;Portugal -> Teleroute Iberica -> South
9000207019;5.17511905E11;Spain -> Teleroute Iberica -> South
9000108212;5.17506236E11;Bulgaria -> Eastern Europe -> East
9000027912;1.4490045E12;Germany -> Central Europe -> East
9000136592;5.17507842E11;Germany -> Central Europe -> East
9000168747;2.17354076E12;Poland -> Eastern Europe -> East
9000168058;5.17509677E11;France -> France International -> West
9000182798;2.17354417E12;Hungary -> Eastern Europe -> East
9000133686;5.17507678E11;Belgium -> BeLux -> North
9000069817;5.17504008E11;Netherlands -> Netherlands -> North
9000018333;1.44900293E12;Germany -> Central Europe -> East
9000208402;5.17511971E11;Romania -> Eastern Europe -> East
9000130105;1.55252241E12;Portugal -> Teleroute Iberica -> South
9000161710;1.44902599E12;Germany -> Central Europe -> East
9000002043;2.17350052E12;Romania -> Eastern Europe -> East
9000076608;1.44901236E12;Germany -> Central Europe -> East
9000150994;1.44902429E12;Germany -> Central Europe -> East
9000011995;1.44900188E12;Germany -> Central Europe -> East
9000099054;3.10503408E12;France -> France International -> West
9000074017;5.1750427E11;Lithuania -> Eastern Europe -> East
9000197550;5.17511348E11;Italy -> South East Europe -> South
9000162313;3.1050561E12;Italy -> South East Europe -> South
9000055084;2.89801765E12;Netherlands -> Netherlands -> North
9000020831;3.10500708E12;France -> France International -> West
9000079313;3.10502726E12;Italy -> South East Europe -> South
9000043062;2.17351035E12;Czech Republic -> Eastern Europe -> East
9000013676;1.03500159E12;Luxembourg -> BeLux -> North
9000209802;1.44903373E12;Germany -> Central Europe -> East
9000106148;5.17506105E11;Germany -> Central Europe -> East
9000089019;1.44901433E12;Germany -> Central Europe -> East
9000032733;5.17501878E11;Poland -> Eastern Europe -> East
9000020435;3.10500708E12;France -> France International -> West
9000073385;2.17351769E12;Poland -> Eastern Europe -> East
9000132049;5.1750758E11;United Kingdom -> Great Britain -> North
9000114515;2.17352765E12;Poland -> Eastern Europe -> East
9000096299;5.17505548E11;Austria -> Central Europe -> East
9000035414;2.17350852E12;Hungary -> Eastern Europe -> East
9000140721;5.17508104E11;France -> France International -> West
9000022792;3.10500786E12;Belgium -> BeLux -> North
9000085720;1.44901381E12;Germany -> Central Europe -> East
9000095108;3.10503277E12;France -> France International -> West
9000062548;1.44901014E12;Germany -> Central Europe -> East
9000005968;1.55250105E12;Spain -> Teleroute Iberica -> South
9000104535;4.6575539E12;France -> France International -> West
9000141256;2.17353408E12;Romania -> Eastern Europe -> East
9000163412;5.17509382E11;France -> France International -> West
9000091594;1.44901472E12;Germany -> Central Europe -> East
9000149202;4.6575775E12;France -> France International -> West
9000136905;5.17507875E11;Spain -> Teleroute Iberica -> South
9000059113;2.89801896E12;Netherlands -> Netherlands -> North
9000192203;4.6575995E12;France -> France International -> West
9000136710;2.17353303E12;Poland -> Eastern Europe -> East
9000117241;3.10504037E12;Italy -> South East Europe -> South
9000031186;1.55250537E12;Spain -> Teleroute Iberica -> South
9000134594;3.1050464E12;Italy -> South East Europe -> South
9000217562;5.17512495E11;Romania -> Eastern Europe -> East
9000175724;241.5;Hungary -> Eastern Europe -> East
9000082674;172.5;Spain -> Teleroute Iberica -> South
9000165054;345.0;Italy -> South East Europe -> South
9000098909;161.0;Germany -> Central Europe -> East
9000210053;57.5;Italy -> South East Europe -> South
9000127541;172.5;Portugal -> Teleroute Iberica -> South
9000043811;57.5;Spain -> Teleroute Iberica -> South
9000100933;115.0;Belgium -> BeLux -> North
9000210863;241.5;Romania -> Eastern Europe -> East
9000007392;517.5;France -> France International -> West
9000073015;57.5;Portugal -> Teleroute Iberica -> South
9000114024;57.5;Italy -> South East Europe -> South
9000209680;517.5;France -> France International -> West
9000205438;517.5;France -> France International -> West
9000125197;517.5;France -> France International -> West
9000140574;161.0;Austria -> Central Europe -> East
9000042046;57.5;Greece -> South East Europe -> South
9000120587;57.5;Netherlands -> Netherlands -> North
9000136192;57.5;Ireland -> Great Britain -> North
9000110025;57.5;France -> France International -> West
9000090640;172.5;Portugal -> Teleroute Iberica -> South
9000008466;345.0;France -> France International -> West
9000216862;172.5;Spain -> Teleroute Iberica -> South
9000018218;57.5;United Kingdom -> Great Britain -> North
9000199267;115.0;Belgium -> BeLux -> North
9000038093;57.5;Italy -> South East Europe -> South
9000181564;161.0;Italy -> South East Europe -> South
9000046694;241.5;Poland -> Eastern Europe -> East
9000090237;345.0;France -> France International -> West
9000034682;57.5;Poland -> Eastern Europe -> East
9000009060;241.5;Croatia -> Eastern Europe -> East
9000056556;57.5;United Kingdom -> Great Britain -> North
9000194884;161.0;Germany -> Central Europe -> East
9000003669;345.0;France -> France International -> West
9000131403;241.5;Poland -> Eastern Europe -> East
9000103769;345.0;France -> France International -> West
9000026518;322.0;Netherlands -> Netherlands -> North
9000078289;57.5;Poland -> Eastern Europe -> East
9000182977;161.0;Germany -> Central Europe -> East
9000170036;161.0;Austria -> Central Europe -> East
9000085326;115.0;Belgium -> BeLux -> North
9000210142;517.5;France -> France International -> West
9000169527;161.0;Germany -> Central Europe -> East
9000111163;57.5;United Kingdom -> Great Britain -> North
9000076922;517.5;France -> France International -> West
9000068639;57.5;Romania -> Eastern Europe -> East
9000110830;161.0;Austria -> Central Europe -> East
9000099245;345.0;France -> France International -> West
9000167206;57.5;United Kingdom -> Great Britain -> North
9000164116;57.5;Italy -> South East Europe -> South
9000004434;345.0;United Kingdom -> Great Britain -> North
9000045592;57.5;Spain -> Teleroute Iberica -> South
9000188749;57.5;Germany -> Central Europe -> East
9000039421;241.5;Poland -> Eastern Europe -> East
9000142756;161.0;Germany -> Central Europe -> East
9000141189;172.5;Portugal -> Teleroute Iberica -> South
9000078867;57.5;France -> France International -> West
9000134619;161.0;Germany -> Central Europe -> East
9000042459;57.5;Germany -> Central Europe -> East
9000075408;57.5;France -> France International -> West
9000183453;57.5;Spain -> Teleroute Iberica -> South
9000203127;172.5;Spain -> Teleroute Iberica -> South
9000109902;161.0;Germany -> Central Europe -> East
9000001715;241.5;Latvia -> Eastern Europe -> East
9000101054;57.5;Netherlands -> Netherlands -> North
9000036085;345.0;United Kingdom -> Great Britain -> North
9000181679;517.5;France -> France International -> West
9000133405;115.0;Belgium -> BeLux -> North
9000213129;57.5;Netherlands -> Netherlands -> North
9000113676;57.5;United Kingdom -> Great Britain -> North
9000067508;161.0;Germany -> Central Europe -> East
9000003338;161.0;Germany -> Central Europe -> East
9000169087;345.0;France -> France International -> West
9000156100;161.0;Sweden -> Nordics -> North
9000156554;57.5;Germany -> Central Europe -> East
9000057652;345.0;France -> France International -> West
